Model,MAE,RMSE,MAPE,R2
RandomForest,18.017999999999997,21.72776917525896,8.27738984906178,0.8959747667666045
LinearRegression,23.832364464656987,32.47189714422137,11.074269917355096,0.7676601280182128
MovingAverage,43.43388888888889,57.55159923124703,23.095668928976206,0.2701674766585024
